name,email,phone,current_company,title
Aarush Malhotra,aarush.malhotra@gmail.com,+91 9876543210,Tata Consultancy Services,Data Engineer
Diya Nair,diya.nair@outlook.com,+91 9823456712,Infosys,Machine Learning Engineer
Vivaan Roy,vivaan.roy@yahoo.com,+91 9834567823,Wipro,Backend Developer
Anika Sharma,anika.sharma@gmail.com,+91 9845678934,HCLTech,Data Analyst
Kunal Mehta,kunal.mehta@proton.me,+91 9856789045,Tech Mahindra,Cloud Engineer
Ishita Banerjee,ishita.banerjee@icloud.com,+91 9867890156,LTIMindtree,Frontend Developer
Raghav Bhatia,raghav.bhatia@gmail.com,+91 9878901267,Accenture India,DevOps Engineer
Meera Iyer,meera.iyer@outlook.in,+91 9889012378,Cognizant,QA Automation Engineer
Aditya Kulkarni,aditya.kulkarni@gmail.com,+91 9890123489,Capgemini India,Data Scientist
